Filename,и,Segment,Личноеместоимение,вербальные,Предлог,Союз,Когнитив,Включение,AllPunc,мест.-сущ.,добавление,Truth,Sex,Avg_sent,TTR,Avg_word,Hapax,Yules
100Л.docx,2.59,1,22.41,22.41,10.34,15.52,19.83,4.31,18.97,19.83,2.61,1,жен.,27.6,0.6086956522,3.9782608696,0.7619047619,705.7823129252
100П.docx,3.7,1,11.73,8.64,17.9,8.64,24.07,13.58,19.14,1.85,3.73,0,жен.,27.6,0.6086956522,3.9782608696,0.7619047619,705.7823129252
101Л.docx,2.8,1,11.19,15.38,13.99,9.09,21.33,9.79,22.03,8.42,3.16,1,жен.,20.2941176471,0.5826086957,4.0434782609,0.8208955224,421.2767010718
101П.docx,2.52,1,14.49,22.83,13.41,9.42,22.1,10.51,22.1,10.87,2.52,0,жен.,20.2941176471,0.5826086957,4.0434782609,0.8208955224,421.2767010718
102Л.docx,5.88,1,10.7,17.11,13.37,9.63,21.39,14.97,18.72,6.99,5.38,1,жен.,17.8333333333,0.6214953271,4.4392523364,0.8270676692,479.9592967381
102П.docx,5.2,1,12.64,15.24,12.64,9.29,20.82,11.15,15.99,7.06,5.62,0,жен.,17.8333333333,0.6214953271,4.4392523364,0.8270676692,479.9592967381
103Л.docx,2.7,1,9.46,16.67,13.51,6.31,15.32,7.66,19.37,6.31,2.71,1,жен.,26,0.6423076923,4.4538461538,0.8203592814,359.6400014343
103П.docx,6.29,1,12,15.43,12.57,13.14,24.57,12.57,20,8.57,7.43,0,жен.,26,0.6423076923,4.4538461538,0.8203592814,359.6400014343
104Л.docx,2.07,1,20,20.69,16.55,6.21,20,5.52,17.93,11.03,2.76,1,жен.,16.7,0.6407185629,4.3053892216,0.8224299065,450.694383789
104П.docx,2,1,5.6,15.6,13.6,5.6,15.2,8.4,25.2,5.2,2,0,жен.,16.7,0.6407185629,4.3053892216,0.8224299065,450.694383789
105Л.docx,1.96,1,1.96,5.88,11.76,1.96,7.84,3.92,17.65,1.96,1.96,1,муж.,11.8,0.813559322,5.7288135593,0.8958333333,230.0347222222
105П.docx,2.94,1,2.94,5.88,11.76,2.94,8.82,2.94,17.65,2.94,2.94,0,муж.,11.8,0.813559322,5.7288135593,0.8958333333,230.0347222222
106Л.docx,4.88,1,17.07,14.63,9.76,4.88,21.95,17.07,9.76,9.76,4.88,1,муж.,11.25,0.8222222222,5.2666666667,0.8648648649,233.7472607743
106П.docx,2.53,1,17.95,1.28,6.41,11.54,21.79,6.41,28.21,15.19,3.8,0,муж.,11.25,0.8222222222,5.2666666667,0.8648648649,233.7472607743
107Л.docx,3.88,1,12.14,23.3,12.62,9.71,19.9,10.19,29.61,9.76,3.92,1,жен.,8.8965517241,0.5658914729,3.8643410853,0.7945205479,711.2028523175
107П.docx,4.11,1,7.48,13.61,15.65,8.16,14.29,7.48,34.69,5.44,4.11,0,жен.,8.8965517241,0.5658914729,3.8643410853,0.7945205479,711.2028523175
108Л.docx,2.02,1,10.1,15.15,14.14,8.08,18.18,4.04,19.19,12.12,2.02,1,муж.,10.9090909091,0.6833333333,4.475,0.8658536585,452.1118381916
108П.docx,3.39,1,3.39,11.86,13.56,5.08,20.34,8.47,33.9,1.69,3.39,0,муж.,10.9090909091,0.6833333333,4.475,0.8658536585,452.1118381916
109Л.docx,2.82,1,22.54,9.86,7.04,11.27,18.31,4.23,18.31,15.49,2.82,1,жен.,9.3333333333,0.7380952381,4.0595238095,0.8064516129,338.1893860562
109П.docx,1.53,1,16.79,12.98,9.16,11.45,12.98,9.16,22.9,13.74,1.53,0,жен.,9.3333333333,0.7380952381,4.0595238095,0.8064516129,338.1893860562
10Л.docx,3.37,1,10.11,13.48,21.35,3.37,14.61,7.87,14.61,6.74,3.37,1,муж.,10,0.65,4.71,0.7846153846,565.6804733728
10П.docx,4.9,1,9.79,16.78,15.38,5.59,12.59,11.19,13.29,6.29,4.9,0,муж.,10,0.65,4.71,0.7846153846,565.6804733728
110Л.docx,6.49,1,14.05,25.41,11.35,11.35,18.38,12.43,17.3,10.81,7.03,1,жен.,14.4666666667,0.6221198157,3.8571428571,0.8222222222,440.0548696845
110П.docx,3.64,1,15.14,21.56,11.93,9.17,22.48,8.72,18.35,11.93,4.11,0,жен.,14.4666666667,0.6221198157,3.8571428571,0.8222222222,440.0548696845
111Л.docx,2.35,1,18.01,20.85,11.61,8.29,18.72,6.4,24.17,13.51,2.82,1,жен.,9.6226415094,0.5098039216,3.9960784314,0.7615384615,767.4556213018
111П.docx,2.12,1,18.44,15.6,10.64,7.45,18.09,9.22,25.89,14.54,2.12,0,жен.,9.6226415094,0.5098039216,3.9960784314,0.7615384615,767.4556213018
112Л.docx,5.31,1,15.45,18.7,11.38,13.01,24.8,10.98,17.07,15.04,5.31,1,жен.,12.347826087,0.5985915493,4.1654929577,0.8235294118,447.7508650519
112П.docx,4.69,1,13,26.35,10.47,12.64,22.02,9.39,17.69,12.27,5.05,0,жен.,12.347826087,0.5985915493,4.1654929577,0.8235294118,447.7508650519
113Л.docx,2.43,1,12.14,19.42,13.59,7.28,15.05,5.83,20.87,10.68,2.91,1,жен.,20.3333333333,0.6598360656,4.4508196721,0.8322981366,345.2798888932
113П.docx,4.64,1,8.67,13.33,14,13.33,20.67,9.33,25.33,6.62,4.64,0,жен.,20.3333333333,0.6598360656,4.4508196721,0.8322981366,345.2798888932
11Л.docx,2.15,1,15.76,9.78,15.76,7.07,20.65,12.5,15.22,10.27,2.15,1,муж.,10.5,0.6380952381,4.6476190476,0.7910447761,424.370683894
11П.docx,1.27,1,13.29,15.19,13.92,5.06,14.56,5.06,12.66,10.13,1.27,0,муж.,10.5,0.6380952381,4.6476190476,0.7910447761,424.370683894
12Л.docx,5.29,1,18.94,20.26,11.01,14.1,27.31,7.93,15.42,13.66,6.17,1,муж.,18,0.5833333333,3.9920634921,0.7823129252,447.4987273821
12П.docx,5.22,1,20.54,12.5,16.96,10.71,24.11,11.61,21.43,16.67,5.22,0,муж.,18,0.5833333333,3.9920634921,0.7823129252,447.4987273821
13Л.docx,5.48,1,16.44,23.29,10.27,13.01,16.44,10.96,17.12,11.64,5.52,1,муж.,15.3636363636,0.6213017751,4.1301775148,0.7619047619,451.7006802721
13П.docx,4.32,1,15.11,16.55,13.67,8.63,18.71,12.95,13.67,7.19,4.35,0,муж.,15.3636363636,0.6213017751,4.1301775148,0.7619047619,451.7006802721
14Л.docx,4.11,1,9.03,24.31,11.11,13.19,23.61,7.64,21.53,11.81,4.11,1,муж.,11.5333333333,0.5722543353,4.1734104046,0.6868686869,540.7611468218
14П.docx,2.19,1,9.63,22.22,11.11,11.85,24.44,5.19,20.74,9.63,2.21,0,муж.,11.5333333333,0.5722543353,4.1734104046,0.6868686869,540.7611468218
15Л.docx,6.99,1,8.52,9.63,12.96,14.07,23.33,13.33,17.04,5.56,7.35,1,муж.,17.1111111111,0.6071428571,4.1136363636,0.7807486631,382.9105779405
15П.docx,4.07,1,13.81,14.55,17.54,10.82,16.42,12.31,17.54,11.44,4.49,0,муж.,17.1111111111,0.6071428571,4.1136363636,0.7807486631,382.9105779405
16Л.docx,3.01,1,6.02,15.04,17.29,8.27,18.8,5.26,19.55,3.76,2.29,1,муж.,13.0833333333,0.6433121019,4.4267515924,0.7722772277,441.1332222331
16П.docx,3.03,1,1.81,12.05,13.86,6.63,19.88,6.02,21.69,3.01,3.03,0,муж.,13.0833333333,0.6433121019,4.4267515924,0.7722772277,441.1332222331
17Л.docx,3.2,1,10.05,13.7,15.07,6.85,14.16,10.05,19.63,6.39,3.21,1,муж.,7.9090909091,0.6091954023,4.1724137931,0.8050314465,589.3754202761
17П.docx,4.61,1,13.82,18.43,10.14,9.68,17.51,10.14,26.73,8.76,4.61,0,муж.,7.9090909091,0.6091954023,4.1724137931,0.8050314465,589.3754202761
18Л.docx,2.22,1,11.11,5.93,12.59,5.19,11.85,5.93,20.74,5.19,2.22,1,муж.,16.1,0.701863354,4.7080745342,0.814159292,332.0541937505
18П.docx,1.18,1,11.76,8.24,11.76,3.53,14.12,10.59,20,1.18,1.18,0,муж.,16.1,0.701863354,4.7080745342,0.814159292,332.0541937505
19Л.docx,3.75,1,10,12.5,17.5,5,11.25,3.75,13.75,6.25,3.75,1,муж.,13,0.7912087912,4.8241758242,0.8888888889,206.4043209877
19П.docx,1.75,1,11.4,12.28,19.3,2.63,7.02,5.26,20.18,7.02,1.79,0,муж.,13,0.7912087912,4.8241758242,0.8888888889,206.4043209877
1Л.docx,5,1,8.75,3.75,12.5,6.25,21.25,12.5,22.5,0,5,1,муж.,10.7777777778,0.7010309278,4.4226804124,0.8676470588,477.9411764706
1П.docx,3.37,1,1.12,8.99,15.73,5.62,16.85,11.24,22.47,2.25,3.37,0,муж.,10.7777777778,0.7010309278,4.4226804124,0.8676470588,477.9411764706
20Л.docx,3.85,1,14.1,16.67,17.95,6.41,16.67,11.54,19.23,6.41,2.6,1,муж.,11.375,0.6813186813,4.2637362637,0.7741935484,398.02289282
20П.docx,1.25,1,8.75,12.5,13.75,7.5,8.75,2.5,17.5,7.5,1.28,0,муж.,11.375,0.6813186813,4.2637362637,0.7741935484,398.02289282
21Л.docx,6.99,1,5.59,9.09,15.38,11.89,20.98,11.89,25.17,2.11,6.34,1,муж.,10.8125,0.6531791908,4.3063583815,0.8495575221,416.6340355549
21П.docx,4.46,1,10.62,16.81,11.5,5.31,14.16,7.96,25.66,8.85,4.42,0,муж.,10.8125,0.6531791908,4.3063583815,0.8495575221,416.6340355549
22Л.docx,2.12,1,9.32,15.68,14.41,9.75,13.56,5.51,18.64,6.36,2.17,1,муж.,16.4117647059,0.6308243728,4.4408602151,0.8181818182,400.6327479339
22П.docx,2.29,1,9.14,15.43,18.29,7.43,13.71,6.29,21.14,6.29,2.31,0,муж.,16.4117647059,0.6308243728,4.4408602151,0.8181818182,400.6327479339
23Л.docx,4.64,1,10.13,13.92,13.92,12.24,16.88,8.02,21.1,8.86,4.66,1,жен.,19.8571428571,0.6151079137,4.1115107914,0.8187134503,477.0698676516
23П.docx,4.97,1,6.21,10.56,6.21,13.04,25.47,9.94,27.95,3.73,5,0,жен.,19.8571428571,0.6151079137,4.1115107914,0.8187134503,477.0698676516
24Л.docx,3.75,1,14.66,27.82,12.41,12.78,23.31,10.9,22.56,12.03,3.79,1,муж.,21.1333333333,0.5078864353,4.0536277603,0.7391304348,919.7176034875
24П.docx,3.2,1,11.47,18.81,12.39,10.09,22.02,6.88,26.61,7.34,3.23,0,муж.,21.1333333333,0.5078864353,4.0536277603,0.7391304348,919.7176034875
25Л.docx,2.98,1,10.64,15.74,14.89,8.09,16.6,4.68,15.74,8.94,3,1,муж.,17.7333333333,0.6203007519,4.484962406,0.8242424242,402.9384756657
25П.docx,3.05,1,11.59,14.63,12.2,8.54,14.02,5.49,21.34,9.76,2.47,0,муж.,17.7333333333,0.6203007519,4.484962406,0.8242424242,402.9384756657
26Л.docx,2.58,1,7.25,15.03,10.88,9.84,18.65,8.29,30.57,3.61,3.09,1,муж.,19.9166666667,0.6778242678,4.5188284519,0.8333333333,296.0676726109
26П.docx,3.14,1,6.28,9.87,17.04,8.52,19.28,8.52,31.39,4.04,2.7,0,муж.,19.9166666667,0.6778242678,4.5188284519,0.8333333333,296.0676726109
27Л.docx,2.77,1,8.7,11.86,12.25,11.07,21.34,8.3,23.32,5.98,2.78,1,муж.,33.7777777778,0.5394736842,4.0986842105,0.7682926829,864.0690065437
27П.docx,3.72,1,10.53,17.65,11.76,8.36,18.27,9.29,24.77,6.19,3.73,0,муж.,33.7777777778,0.5394736842,4.0986842105,0.7682926829,864.0690065437
28Л.docx,4.52,1,7.1,9.68,20,5.16,11.61,7.74,16.77,5.81,4.55,1,муж.,14.6666666667,0.6590909091,5.4943181818,0.8017241379,325.5053507729
28П.docx,4.52,1,8.04,8.54,15.58,8.04,18.09,11.06,16.08,3.48,4.57,0,муж.,14.6666666667,0.6590909091,5.4943181818,0.8017241379,325.5053507729
29Л.docx,3.85,1,12.39,8.97,12.82,7.69,18.38,10.26,19.66,7.69,4.27,1,муж.,11.2,0.6071428571,4.1357142857,0.7823529412,500.3460207612
29П.docx,4.76,1,10,9.05,16.19,8.57,19.05,10,25.24,6.19,5.24,0,муж.,11.2,0.6071428571,4.1357142857,0.7823529412,500.3460207612
2Л.docx,5.49,1,14.29,19.78,12.09,10.99,18.68,12.09,17.58,15.38,5.49,1,жен.,11.8888888889,0.7102803738,4.523364486,0.8289473684,334.1412742382
2П.docx,3.52,1,12.63,18.69,13.64,10.61,21.21,6.06,24.24,13.64,3.52,0,жен.,11.8888888889,0.7102803738,4.523364486,0.8289473684,334.1412742382
30Л.docx,4.27,1,17.6,17.6,7.73,11.59,18.45,9.44,19.74,12.88,4.29,1,муж.,13.9,0.5467625899,3.8920863309,0.8026315789,692.5207756233
30П.docx,2.98,1,16.17,18.72,10.64,8.94,17.45,11.49,19.57,9.75,3.45,0,муж.,13.9,0.5467625899,3.8920863309,0.8026315789,692.5207756233
31Л.docx,1.36,1,13.01,18.49,13.01,10.27,25.34,5.48,28.08,10.96,1.37,1,жен.,9.7894736842,0.6451612903,3.876344086,0.8333333333,588.8888888889
31П.docx,1.44,1,15.79,15.79,12.92,5.26,18.66,6.22,27.27,10.53,1.44,0,жен.,9.7894736842,0.6451612903,3.876344086,0.8333333333,588.8888888889
32Л.docx,3.03,1,10.61,16.67,10.61,4.55,15.15,13.64,24.24,1.52,3.03,1,жен.,6.8333333333,0.6707317073,4.2926829268,0.7818181818,671.0743801653
32П.docx,1.89,1,15.09,22.64,11.32,3.77,13.21,5.66,24.53,7.55,0,0,жен.,6.8333333333,0.6707317073,4.2926829268,0.7818181818,671.0743801653
33Л.docx,1.77,1,8.85,14.16,14.16,6.19,30.09,10.62,23.89,0.88,1.77,1,жен.,9.9285714286,0.6474820144,4.5899280576,0.8111111111,549.3827160494
33П.docx,0.73,1,9.49,11.68,13.87,10.22,23.36,7.3,24.09,2.19,2.92,0,жен.,9.9285714286,0.6474820144,4.5899280576,0.8111111111,549.3827160494
34Л.docx,5.26,1,12.28,14.04,8.77,8.77,17.54,10.53,21.05,7.02,5.26,1,жен.,9.8571428571,0.6666666667,4.1884057971,0.7391304348,543.4782608696
34П.docx,4,1,7,16,14,10,17,15,28,5,4.04,0,жен.,9.8571428571,0.6666666667,4.1884057971,0.7391304348,543.4782608696
35Л.docx,2.7,1,2.7,10.81,2.7,2.7,8.11,5.41,27.03,2.7,2.7,1,жен.,5.875,0.7872340426,5.3191489362,0.8918918919,525.9313367421
35П.docx,2.86,1,0,2.86,5.71,2.86,14.29,2.86,31.43,0,2.86,0,жен.,5.875,0.7872340426,5.3191489362,0.8918918919,525.9313367421
36Л.docx,5.77,1,13.46,21.15,12.18,10.26,18.59,12.18,20.51,7.05,5.77,1,жен.,15.6666666667,0.6063829787,4.0957446809,0.7894736842,560.1723607264
36П.docx,4.23,1,14.29,22.22,9.52,8.99,17.99,12.17,21.16,7.94,4.26,0,жен.,15.6666666667,0.6063829787,4.0957446809,0.7894736842,560.1723607264
37Л.docx,2.63,1,17.11,26.32,7.89,9.21,15.79,7.89,18.42,15.79,2.67,1,жен.,11.25,0.7222222222,4,0.8615384615,357.3964497041
37П.docx,1.66,1,12.03,15.35,15.35,5.39,11.62,5.39,29.46,8.3,2.1,0,жен.,11.25,0.7222222222,4,0.8615384615,357.3964497041
38Л.docx,6.2,1,6.2,11.63,14.73,6.98,13.18,10.85,24.81,1.55,6.2,1,жен.,12.0769230769,0.7324840764,4.5923566879,0.8695652174,252.5519848771
38П.docx,2.75,1,14.68,21.1,14.68,4.59,16.51,11.93,22.02,7.34,3.7,0,жен.,12.0769230769,0.7324840764,4.5923566879,0.8695652174,252.5519848771
39Л.docx,1.61,1,14.52,16.13,16.13,6.45,9.68,4.84,20.97,16.13,1.61,1,муж.,9.375,0.72,4.3066666667,0.8333333333,442.3868312757
39П.docx,0,1,13.04,17.39,17.39,4.35,6.52,2.17,21.74,13.04,0,0,муж.,9.375,0.72,4.3066666667,0.8333333333,442.3868312757
3Л.docx,3.53,1,7.06,14.12,16.47,4.71,17.65,12.94,16.47,2.35,3.53,1,муж.,19.8,0.7272727273,4.6060606061,0.8333333333,337.5771604938
3П.docx,4.35,1,4.35,11.96,14.13,8.7,21.74,9.78,16.3,2.15,4.4,0,муж.,19.8,0.7272727273,4.6060606061,0.8333333333,337.5771604938
40Л.docx,3.91,1,13.04,19.57,17.83,9.57,16.09,12.61,23.04,8.7,3.91,1,жен.,70.75,0.5724381625,3.8303886926,0.8086419753,648.9102270995
40П.docx,2.42,1,13.82,17.89,15.45,7.32,21.14,7.32,26.83,10.48,2.42,0,жен.,70.75,0.5724381625,3.8303886926,0.8086419753,648.9102270995
41Л.docx,5.05,1,12.12,19.53,12.46,11.78,22.22,9.09,22.22,11.78,5.72,1,муж.,13.3333333333,0.5333333333,3.9416666667,0.7291666667,608.7239583333
41П.docx,2.42,1,13.11,17.21,13.11,13.11,22.95,5.74,14.75,10.48,2.48,0,муж.,13.3333333333,0.5333333333,3.9416666667,0.7291666667,608.7239583333
42Л.docx,5.37,1,12.4,19.83,14.88,10.74,21.49,7.44,16.53,10.33,5,1,жен.,17.5,0.5892857143,4.1321428571,0.7818181818,459.5041322314
42П.docx,4.61,1,5.99,11.52,17.05,6.91,16.13,11.52,22.12,5.07,4.63,0,жен.,17.5,0.5892857143,4.1321428571,0.7818181818,459.5041322314
43Л.docx,5.45,1,16.08,13.83,14.47,9.32,20.9,9.32,20.26,11.25,5.77,1,жен.,14.2692307692,0.5498652291,4.0458221024,0.7647058824,616.8300653595
43П.docx,5.08,1,12.88,20.68,15.25,10.17,18.31,9.83,21.36,8.16,5.08,0,жен.,14.2692307692,0.5498652291,4.0458221024,0.7647058824,616.8300653595
44Л.docx,4.14,1,10,14.83,16.21,7.59,17.93,8.62,18.28,8.28,4.15,1,жен.,18.0526315789,0.5976676385,4.3644314869,0.8292682927,516.3593099346
44П.docx,3.76,1,13.15,16.9,15.02,8.92,15.96,5.63,16.43,9.86,4.72,0,жен.,18.0526315789,0.5976676385,4.3644314869,0.8292682927,516.3593099346
45Л.docx,2.08,1,4.17,14.58,6.25,4.17,22.92,4.17,39.58,4.17,2.08,1,муж.,7.4444444444,0.6567164179,3.5671641791,0.8409090909,924.5867768595
45П.docx,2.33,1,8.14,10.47,19.77,3.49,9.3,5.81,25.58,5.81,2.33,0,муж.,7.4444444444,0.6567164179,3.5671641791,0.8409090909,924.5867768595
46Л.docx,6.56,1,10.66,13.11,14.75,6.56,17.21,14.75,18.03,3.28,6.56,1,муж.,9,0.625,4.1180555556,0.8222222222,604.9382716049
46П.docx,7.32,1,9.76,14.63,14.63,7.32,17.07,8.54,20.73,8.54,7.32,0,муж.,9,0.625,4.1180555556,0.8222222222,604.9382716049
47Л.docx,7.02,1,6.14,10.09,17.11,11.4,19.74,11.4,19.3,2.64,7.02,1,муж.,11.5217391304,0.6,4.2867924528,0.7987421384,501.5624381947
47П.docx,3.65,1,8.85,8.85,10.42,7.29,17.19,9.38,27.08,4.69,5.73,0,муж.,11.5217391304,0.6,4.2867924528,0.7987421384,501.5624381947
48Л.docx,6.43,1,8.57,9.29,10.71,10.71,18.57,10,20,5.71,6.43,1,жен.,12.7692307692,0.5662650602,4.5963855422,0.7021276596,674.513354459
48П.docx,7.41,1,3.7,8.33,14.81,10.19,16.67,10.19,21.3,3.7,7.41,0,жен.,12.7692307692,0.5662650602,4.5963855422,0.7021276596,674.513354459
49Л.docx,3.4,1,12.2,23.9,12.2,11.71,18.54,8.78,17.56,11.17,3.5,1,муж.,15,0.5458333333,4.3666666667,0.7633587786,739.4673970048
49П.docx,3.85,1,14.23,25.38,11.92,10.77,16.92,8.46,15.77,11.92,4.31,0,муж.,15,0.5458333333,4.3666666667,0.7633587786,739.4673970048
4Л.docx,0,1,8.89,11.11,17.78,0,4.44,0,24.44,8.89,0,1,муж.,8,0.6964285714,4.125,0.8461538462,650.8875739645
4П.docx,1.75,1,9.65,18.42,15.79,9.65,23.68,8.77,24.56,7.02,1.79,0,муж.,8,0.6964285714,4.125,0.8461538462,650.8875739645
50Л.docx,5.8,1,0,8.7,20.29,5.8,15.94,11.59,26.09,0,5.8,1,муж.,8.7,0.6781609195,4.3448275862,0.8474576271,603.2749209997
50П.docx,2.2,1,0,9.89,21.98,3.3,16.48,7.69,23.08,1.1,2.2,0,муж.,8.7,0.6781609195,4.3448275862,0.8474576271,603.2749209997
51Л.docx,2.54,1,8.47,22.03,11.02,6.78,16.1,8.47,17.8,4.24,3.42,1,муж.,15.1111111111,0.7426470588,4.6764705882,0.8316831683,200.9606901284
51П.docx,2.7,1,5.41,17.57,12.16,8.11,16.22,6.08,20.95,4.73,2.04,0,муж.,15.1111111111,0.7426470588,4.6764705882,0.8316831683,200.9606901284
52Л.docx,4.15,1,15.67,20.28,15.67,8.29,17.05,11.98,16.13,8.29,4.15,1,жен.,13.2631578947,0.5793650794,3.9523809524,0.7876712329,509.4764496153
52П.docx,4.91,1,9.43,12.83,15.85,9.06,18.11,9.81,15.85,7.55,4.91,0,жен.,13.2631578947,0.5793650794,3.9523809524,0.7876712329,509.4764496153
53Л.docx,3.36,1,2.68,14.77,13.42,8.72,16.78,8.72,24.16,4.7,3.38,1,жен.,13.0714285714,0.6229508197,4.5355191257,0.8421052632,630.1939058172
53П.docx,2.6,1,8.85,18.23,11.98,6.77,12.5,9.38,23.96,6.77,2.62,0,жен.,13.0714285714,0.6229508197,4.5355191257,0.8421052632,630.1939058172
54Л.docx,6.9,1,15.23,16.38,12.93,11.21,22.13,13.22,18.1,10.06,6.92,1,жен.,11.9705882353,0.5798525799,4.2923832924,0.8347457627,602.7362826774
54П.docx,6.3,1,11.78,14.94,13.22,10.92,20.4,11.49,22.41,10.06,6.34,0,жен.,11.9705882353,0.5798525799,4.2923832924,0.8347457627,602.7362826774
55Л.docx,5.77,1,9.62,8.65,15.38,7.69,25,17.31,13.46,0.96,5.77,1,жен.,14.25,0.6666666667,4.5877192982,0.7763157895,387.811634349
55П.docx,2.89,1,9.83,18.5,10.98,10.4,17.34,8.09,19.08,7.47,2.89,0,жен.,14.25,0.6666666667,4.5877192982,0.7763157895,387.811634349
56Л.docx,2.94,1,11.76,12.75,10.78,5.88,16.18,10.78,20.59,5.39,2.96,1,жен.,10.6086956522,0.6270491803,4.487704918,0.7777777778,446.4095006194
56П.docx,3.13,1,12.54,16.3,13.48,5.96,17.87,11.91,22.57,8.75,3.14,0,жен.,10.6086956522,0.6270491803,4.487704918,0.7777777778,446.4095006194
57Л.docx,7.14,1,5.1,11.22,10.2,12.24,23.47,13.27,33.67,1.02,7.14,1,жен.,9,0.6349206349,3.7936507937,0.8,565.625
57П.docx,5.63,1,5.63,18.31,11.27,9.86,15.49,7.04,33.8,2.82,5.63,0,жен.,9,0.6349206349,3.7936507937,0.8,565.625
58Л.docx,4.11,1,9.59,11.64,13.01,9.59,18.49,10.27,19.18,5.48,4.11,1,жен.,19.3333333333,0.6781609195,4.3333333333,0.813559322,271.4737144499
58П.docx,6.67,1,17.78,8.89,16.67,7.78,18.89,14.44,18.89,6.67,6.67,0,жен.,19.3333333333,0.6781609195,4.3333333333,0.813559322,271.4737144499
59Л.docx,3.7,1,8.33,10.19,15.74,4.63,14.81,12.04,16.67,2.78,3.7,1,жен.,14,0.6984126984,4.7857142857,0.7954545455,281.5082644628
59П.docx,2.67,1,7.33,12,20,5.33,17.33,11.33,16.67,4,2.68,0,жен.,14,0.6984126984,4.7857142857,0.7954545455,281.5082644628
5Л.docx,3.85,1,12.99,12.99,11.69,10.39,18.18,10.39,20.78,10.39,3.85,1,муж.,9.3,0.752688172,3.8924731183,0.8714285714,324.4897959184
5П.docx,4.81,1,9.59,14.76,11.81,10.33,16.61,8.12,21.77,7.38,5.54,0,муж.,9.3,0.752688172,3.8924731183,0.8714285714,324.4897959184
60Л.docx,0,1,3.33,16.67,20,0,6.67,0,23.33,3.33,0,1,муж.,18.5,0.8108108108,4.9459459459,0.9,455.5555555556
60П.docx,0,1,8.11,10.81,18.92,0,2.7,5.41,32.43,5.41,0,0,муж.,18.5,0.8108108108,4.9459459459,0.9,455.5555555556
61Л.docx,6.08,1,18.24,21.62,10.14,12.16,18.92,11.49,14.86,14.86,6.76,1,жен.,14.1666666667,0.6117647059,4.1647058824,0.7788461538,477.0710059172
61П.docx,5.77,1,13.46,17.31,13.46,5.77,23.08,17.31,15.38,5.77,5.77,0,жен.,14.1666666667,0.6117647059,4.1647058824,0.7788461538,477.0710059172
62Л.docx,3.43,1,10.84,16.75,16.75,11.82,18.23,5.91,18.23,9.36,3.54,1,муж.,13.2777777778,0.6276150628,4.2384937238,0.8533333333,386.2222222222
62П.docx,3.47,1,5.94,10.4,18.32,8.42,19.31,5.94,19.31,5.94,4,0,муж.,13.2777777778,0.6276150628,4.2384937238,0.8533333333,386.2222222222
63Л.docx,9.56,1,10.22,17.52,9.49,11.68,25.55,16.06,21.9,5.84,10.22,1,жен.,10.4666666667,0.6433121019,4.3057324841,0.8613861386,543.0840113714
63П.docx,5.36,1,9.58,17.37,11.38,9.58,24.55,11.98,20.96,5.39,5.36,0,жен.,10.4666666667,0.6433121019,4.3057324841,0.8613861386,543.0840113714
64Л.docx,2.13,1,15.6,15.6,14.89,3.55,14.89,10.64,16.31,7.8,2.13,1,жен.,9.5294117647,0.6049382716,4.7222222222,0.7244897959,501.8742190754
64П.docx,2.76,1,13.26,23.76,14.36,5.52,16.02,6.63,16.02,12.15,2.76,0,жен.,9.5294117647,0.6049382716,4.7222222222,0.7244897959,501.8742190754
65Л.docx,6.52,1,7.97,18.12,21.01,7.97,19.57,15.22,13.04,5.8,6.52,1,жен.,15.5,0.6709677419,4.3677419355,0.8365384615,354.1050295858
65П.docx,5.81,1,9.03,23.23,12.9,11.61,18.71,10.32,14.19,10.32,6.54,0,жен.,15.5,0.6709677419,4.3677419355,0.8365384615,354.1050295858
66Л.docx,2.99,1,5.5,9,15.5,5.5,14,6.5,27.5,5.5,3.5,1,муж.,12.75,0.6431372549,4.8784313725,0.8475609756,374.4051160024
66П.docx,4.81,1,5.93,12.59,11.85,10,20.74,7.78,25.19,5.56,4.81,0,муж.,12.75,0.6431372549,4.8784313725,0.8475609756,374.4051160024
67Л.docx,5.26,1,7.02,12.28,12.28,8.77,15.79,17.54,15.79,0,5.26,1,жен.,10.6666666667,0.734375,4.390625,0.7872340426,357.6278859212
67П.docx,5.66,1,16.98,15.09,9.43,7.55,16.98,16.98,15.09,9.43,5.66,0,жен.,10.6666666667,0.734375,4.390625,0.7872340426,357.6278859212
68Л.docx,6.76,1,10.81,14.19,16.89,11.49,18.24,10.81,13.51,12.16,6.76,1,муж.,18.2222222222,0.6585365854,4.1280487805,0.8333333333,363.511659808
68П.docx,2.3,1,8.05,14.94,13.79,8.05,13.79,3.45,16.09,9.2,3.45,0,муж.,18.2222222222,0.6585365854,4.1280487805,0.8333333333,363.511659808
69Л.docx,5.71,1,9,12.8,9,11.37,18.48,8.06,20.38,5.69,6.19,1,жен.,11.4761904762,0.7053941909,4.5228215768,0.8823529412,277.8546712803
69П.docx,5.84,1,8.44,16.88,12.99,9.09,11.04,8.44,33.12,6.54,6.49,0,жен.,11.4761904762,0.7053941909,4.5228215768,0.8823529412,277.8546712803
6Л.docx,2.58,1,11.61,19.35,14.19,6.45,13.55,8.39,20.65,10.32,2.6,1,жен.,20.6666666667,0.6935483871,4.4677419355,0.8449612403,290.2469803497
6П.docx,3.31,1,3.31,13.25,15.23,7.28,17.22,8.61,26.49,3.97,3.31,0,жен.,20.6666666667,0.6935483871,4.4677419355,0.8449612403,290.2469803497
70Л.docx,4.55,1,15.15,13.13,12.63,8.59,18.69,9.6,22.22,6.06,4.57,1,жен.,15.8666666667,0.6218487395,4.3277310924,0.8040540541,393.5354273192
70П.docx,4.48,1,11.44,19.4,11.44,10.45,16.42,8.96,20.4,7.96,4.48,0,жен.,15.8666666667,0.6218487395,4.3277310924,0.8040540541,393.5354273192
71Л.docx,3.21,1,14.43,23.65,14.43,9.62,20.44,7.01,22.85,12.85,3.42,1,жен.,16.6944444444,0.4908485857,4.0116472546,0.7661016949,701.6374604999
71П.docx,4.93,1,14.89,22.7,11.35,10.64,19.15,9.93,18.44,10.56,4.93,0,жен.,16.6944444444,0.4908485857,4.0116472546,0.7661016949,701.6374604999
72Л.docx,4.2,1,12.61,21.85,5.88,12.61,17.65,8.4,22.69,8.4,5.93,1,жен.,14.2,0.6408450704,4.2816901408,0.8241758242,498.7320371936
72П.docx,3.97,1,17.22,20.53,12.58,8.61,16.56,11.92,19.87,6.62,4.67,0,жен.,14.2,0.6408450704,4.2816901408,0.8241758242,498.7320371936
73Л.docx,4.13,1,10.53,18.01,19.39,9.7,14.68,6.93,24.65,9.97,4.99,1,жен.,13.6060606061,0.4743875278,3.7371937639,0.7276995305,795.2566730587
73П.docx,5.47,1,10.94,14.29,10.94,8.51,17.93,9.12,24.62,8.51,5.78,0,жен.,13.6060606061,0.4743875278,3.7371937639,0.7276995305,795.2566730587
74Л.docx,3.55,1,9.52,19.64,13.69,7.74,18.45,7.14,18.45,8.38,3.59,1,жен.,10.7777777778,0.6340206186,4.5103092784,0.7886178862,421.0456738714
74П.docx,3.76,1,13.15,20.66,17.37,5.63,14.08,7.98,17.37,8.41,3.79,0,жен.,10.7777777778,0.6340206186,4.5103092784,0.7886178862,421.0456738714
75Л.docx,5.31,1,10.19,14.56,10.92,11.17,24.76,8.74,16.02,9.73,5.34,1,жен.,29.0625,0.6301075269,4.9870967742,0.843003413,312.1760300062
75П.docx,6.1,1,13.58,14.81,8.64,8.64,28.4,9.88,17.28,14.63,6.1,0,жен.,29.0625,0.6301075269,4.9870967742,0.843003413,312.1760300062
76Л.docx,3.23,1,15.05,15.05,15.05,3.23,12.9,11.83,16.13,8.6,3.23,1,жен.,10.8,0.7314814815,4.6296296296,0.8987341772,315.6545425413
76П.docx,6.73,1,14.42,12.5,15.38,7.69,15.38,15.38,9.62,4.81,6.73,0,жен.,10.8,0.7314814815,4.6296296296,0.8987341772,315.6545425413
77Л.docx,1.13,1,12.99,15.82,14.69,2.82,13.56,6.21,28.81,9.04,1.13,1,жен.,9.8695652174,0.6475770925,4.4052863436,0.8571428571,526.6324216762
77П.docx,4.4,1,15.38,18.68,12.09,5.49,15.93,11.54,20.33,6.04,4.95,0,жен.,9.8695652174,0.6475770925,4.4052863436,0.8571428571,526.6324216762
78Л.docx,3.98,1,7.95,17.05,9.66,7.95,18.18,11.93,18.18,5.68,4,1,жен.,17.3333333333,0.6923076923,4.8557692308,0.8611111111,327.9320987654
78П.docx,3.61,1,7.22,10.31,13.4,7.22,17.53,9.28,19.59,2.06,3.61,0,жен.,17.3333333333,0.6923076923,4.8557692308,0.8611111111,327.9320987654
79Л.docx,6.02,1,19.28,30.12,8.43,10.84,15.66,13.25,14.46,13.25,6.02,1,жен.,11.875,0.6842105263,4.2947368421,0.8307692308,426.0355029586
79П.docx,3.9,1,15.58,22.08,16.88,6.49,14.29,7.79,18.18,6.49,3.95,0,жен.,11.875,0.6842105263,4.2947368421,0.8307692308,426.0355029586
7Л.docx,4.3,1,11.83,12.9,16.13,5.38,29.03,19.35,16.13,1.09,4.3,1,муж.,9.6363636364,0.6981132075,4.6226415094,0.8783783784,416.3623082542
7П.docx,6.49,1,6.49,22.08,15.58,7.79,12.99,14.29,18.18,6.49,6.58,0,муж.,9.6363636364,0.6981132075,4.6226415094,0.8783783784,416.3623082542
80Л.docx,4.55,1,18.18,15.15,6.06,7.58,10.61,4.55,21.21,7.58,6.06,1,жен.,11.4285714286,0.7375,4.825,0.8474576271,364.8376903189
80П.docx,5.93,1,11.86,20.34,12.71,8.47,30.51,13.56,16.95,5.08,5.93,0,жен.,11.4285714286,0.7375,4.825,0.8474576271,364.8376903189
81Л.docx,4.57,1,11.93,14.72,14.21,10.15,21.83,9.39,19.04,8.35,4.58,1,жен.,18.36,0.5620915033,4.2679738562,0.7790697674,522.6548885283
81П.docx,2.24,1,11.22,16.35,15.71,6.41,11.86,7.05,27.88,9.27,2.57,0,жен.,18.36,0.5620915033,4.2679738562,0.7790697674,522.6548885283
82Л.docx,3.9,1,4.64,12.14,13.21,12.86,20,7.5,20.71,5.67,4.63,1,жен.,19.5294117647,0.5722891566,4.2379518072,0.8,608.3102493075
82П.docx,3.29,1,9.5,10.74,10.33,10.74,17.36,6.2,26.86,7.82,4.96,0,жен.,19.5294117647,0.5722891566,4.2379518072,0.8,608.3102493075
83Л.docx,2.15,1,4.35,11.96,17.39,13.04,20.65,4.35,19.57,4.3,3.26,1,муж.,12,0.7407407407,4.3055555556,0.85,281.25
83П.docx,3.94,1,7.09,17.32,16.54,12.6,29.13,4.72,18.11,8.66,4.76,0,муж.,12,0.7407407407,4.3055555556,0.85,281.25
84Л.docx,4.4,1,9.89,19.78,15.38,8.79,12.09,6.59,9.89,6.59,4.44,1,жен.,16.6666666667,0.77,5.04,0.8571428571,183.8421318941
84П.docx,3.17,1,14.29,19.84,11.9,7.94,14.29,8.73,15.87,11.9,3.17,0,жен.,16.6666666667,0.77,5.04,0.8571428571,183.8421318941
85Л.docx,4.55,1,6.82,9.09,11.36,4.55,22.73,9.09,25,0,4.55,1,жен.,12.75,0.862745098,5.0196078431,0.9318181818,180.7851239669
85П.docx,5.52,1,14.48,25.52,8.97,11.03,29.66,12.41,22.07,11.72,5.52,0,жен.,12.75,0.862745098,5.0196078431,0.9318181818,180.7851239669
86Л.docx,2.96,1,8.89,10.37,10.37,7.41,14.81,6.67,24.44,6.67,3.7,1,жен.,18.2222222222,0.6768292683,4.4817073171,0.8378378378,468.3061439818
86П.docx,5.03,1,6.92,11.95,10.69,10.06,16.98,6.92,23.9,4.4,6.29,0,жен.,18.2222222222,0.6768292683,4.4817073171,0.8378378378,468.3061439818
87Л.docx,2.75,1,10.09,8.26,12.84,5.5,15.6,7.34,18.35,4.59,2.75,1,жен.,17.8571428571,0.744,5.048,0.8387096774,198.8669210313
87П.docx,3.14,1,9.42,7.85,10.47,8.38,15.71,6.81,23.04,4.71,3.14,0,жен.,17.8571428571,0.744,5.048,0.8387096774,198.8669210313
88Л.docx,6.9,1,8.62,15.52,12.07,12.07,20.69,12.07,17.24,10.34,6.9,1,жен.,17,0.7058823529,4.8970588235,0.7916666667,416.6666666667
88П.docx,1.79,1,14.29,19.64,10.71,5.36,14.29,5.36,16.07,5.36,3.57,0,жен.,17,0.7058823529,4.8970588235,0.7916666667,416.6666666667
89Л.docx,1.33,1,16,29.33,14.67,8,24,10.67,14.67,14.67,1.33,1,жен.,21.5,0.7441860465,4.3953488372,0.8125,244.140625
89П.docx,1.79,1,10.12,10.71,17.86,6.55,19.05,10.71,22.62,3.57,1.8,0,жен.,21.5,0.7441860465,4.3953488372,0.8125,244.140625
8Л.docx,1.67,1,14.23,22.18,11.72,4.6,12.13,4.6,34.73,12.18,1.67,1,муж.,12.1923076923,0.5772870662,3.9148264984,0.8142076503,595.419391442
8П.docx,2.33,1,13.04,23.08,10.7,9.03,16.72,5.69,24.08,13.29,3.01,0,муж.,12.1923076923,0.5772870662,3.9148264984,0.8142076503,595.419391442
90Л.docx,7.69,1,0,3.85,19.23,7.69,11.54,7.69,23.08,0,7.69,1,муж.,10,0.7666666667,4.2333333333,0.7826086957,472.5897920605
90П.docx,2.22,1,0,6.67,15.56,11.11,11.11,2.22,24.44,0,2.27,0,муж.,10,0.7666666667,4.2333333333,0.7826086957,472.5897920605
91Л.docx,1.67,1,3.33,11.67,16.67,5,18.33,5,23.33,3.33,1.67,1,жен.,7.2,0.7361111111,4.4444444444,0.8490566038,487.7180491278
91П.docx,3.36,1,4.7,6.04,18.12,6.71,8.72,4.03,27.52,4.7,3.38,0,жен.,7.2,0.7361111111,4.4444444444,0.8490566038,487.7180491278
92Л.docx,2.34,1,14.08,17.37,14.08,9.39,19.25,6.57,21.6,11.74,2.38,1,жен.,11.0869565217,0.6274509804,4.2078431373,0.85625,491.796875
92П.docx,2.66,1,12.23,16.49,12.23,7.45,15.96,5.85,18.09,9.04,2.69,0,жен.,11.0869565217,0.6274509804,4.2078431373,0.85625,491.796875
93Л.docx,6.98,1,7.75,23.26,7.75,13.95,28.68,15.5,23.26,10.08,6.98,1,жен.,14.2727272727,0.6114649682,3.949044586,0.7916666667,665.1475694444
93П.docx,4.72,1,7.62,22.86,7.62,12.38,23.81,10.48,30.48,12.5,4.72,0,жен.,14.2727272727,0.6114649682,3.949044586,0.7916666667,665.1475694444
94Л.docx,1.87,1,14.95,22.43,12.15,5.61,14.02,8.41,18.69,10.28,1.89,1,муж.,12.6,0.7063492063,4.1428571429,0.8202247191,296.6797121576
94П.docx,4.86,1,5.95,10.81,14.05,7.57,16.22,9.19,22.16,5.95,4.86,0,муж.,12.6,0.7063492063,4.1428571429,0.8202247191,296.6797121576
95Л.docx,1.96,1,7.84,11.76,11.76,9.15,17.65,9.15,30.72,5.23,1.96,1,жен.,12.0625,0.6632124352,4.4248704663,0.8046875,331.4208984375
95П.docx,4.86,1,3.78,11.89,12.43,10.27,23.24,7.03,25.41,3.24,5.41,0,жен.,12.0625,0.6632124352,4.4248704663,0.8046875,331.4208984375
96Л.docx,4.64,1,16.67,18.67,13.33,9.33,22.67,12.67,17.33,12.67,4.64,1,жен.,10.1764705882,0.6531791908,4.3352601156,0.7876106195,394.7059284204
96П.docx,3.87,1,13.55,18.71,15.48,7.1,18.71,14.19,15.48,8.97,3.87,0,жен.,10.1764705882,0.6531791908,4.3352601156,0.7876106195,394.7059284204
97Л.docx,5,1,7.14,14.29,14.29,7.86,22.14,14.29,20.71,3.57,5,1,жен.,17,0.7470588235,4.5294117647,0.8976377953,207.7004154008
97П.docx,2.56,1,2.55,12.1,12.74,6.37,15.29,6.37,20.38,1.91,2.56,0,жен.,17,0.7470588235,4.5294117647,0.8976377953,207.7004154008
98Л.docx,1.74,1,5.22,11.3,15.65,6.09,17.39,4.35,20.87,4.31,1.75,1,жен.,10.6153846154,0.731884058,4.6884057971,0.8514851485,295.0691108715
98П.docx,2.84,1,5.67,14.89,14.18,5.67,12.77,9.93,19.86,4.26,2.84,0,жен.,10.6153846154,0.731884058,4.6884057971,0.8514851485,295.0691108715
99Л.docx,1.57,1,11.02,16.54,12.6,6.3,16.54,4.72,21.26,10.24,1.57,1,муж.,25.3333333333,0.7105263158,4.5197368421,0.8518518519,378.9437585734
99П.docx,1.35,1,14.86,10.81,8.11,8.11,17.57,4.05,25.68,13.51,1.35,0,муж.,25.3333333333,0.7105263158,4.5197368421,0.8518518519,378.9437585734
9Л.docx,4.05,1,10.81,10.81,14.86,6.76,12.16,8.11,14.86,5.41,5.41,1,муж.,17,0.8235294118,4.4470588235,0.8714285714,132.6530612245
9П.docx,5.99,1,7.19,8.98,13.77,7.78,15.57,11.38,17.96,1.8,6.02,0,муж.,17,0.8235294118,4.4470588235,0.8714285714,132.6530612245
